Position,Track Name,Artist
24,"1, 2 Many",Luke Combs
24,"1, 2 Many",Luke Combs
30,10 Freaky Girls (with 21 Savage),Metro Boomin
30,10 Freaky Girls (with 21 Savage),Metro Boomin
49,"10,000 Hours (with Justin Bieber)",Dan + Shay
49,"10,000 Hours (with Justin Bieber)",Dan + Shay
40,100 Bad Days,AJR
40,100 Bad Days,AJR
31,105 F Remix,KEVVO
31,105 F Remix,KEVVO
43,11 Minutes (with Halsey feat. Travis Barker),YUNGBLUD
43,11 Minutes (with Halsey feat. Travis Barker),YUNGBLUD
39,223's (feat. 9lokknine),YNW Melly
39,223's (feat. 9lokknine),YNW Melly
37,23 Island,JayDaYoungan
37,23 Island,JayDaYoungan
47,3 Nights,Dominic Fike
47,3 Nights,Dominic Fike
44,7 rings,Ariana Grande
44,7 rings,Ariana Grande
8,90mh,Trefuego
8,90mh,Trefuego
4,A Cover Is Not the Book,Emily Blunt
4,A Cover Is Not the Book,Emily Blunt
12,a lot,21 Savage
12,a lot,21 Savage
26,A Nightmare on My Street,DJ Jazzy Jeff & The Fresh Prince
26,A Nightmare on My Street,DJ Jazzy Jeff & The Fresh Prince
24,A Solas - Remix,Lunay
24,A Solas - Remix,Lunay
34,A Whole New World,Mena Massoud
34,A Whole New World,Mena Massoud
20,"A Whole New World (End Title) - From ""Aladdin""",ZAYN
20,"A Whole New World (End Title) - From ""Aladdin""",ZAYN
8,A.M.,Lonr.
8,A.M.,Lonr.
41,Act a Fool (feat. Wale),Rick Ross
41,Act a Fool (feat. Wale),Rick Ross
21,Act Up,City Girls
21,Act Up,City Girls
10,Adan y Eva,Paulo Londra
10,Adan y Eva,Paulo Londra
29,Addiction (feat. Lil Wayne & Saweetie),Big K.R.I.T.
29,Addiction (feat. Lil Wayne & Saweetie),Big K.R.I.T.
3,Adicto (with Anuel AA & Ozuna),Tainy
3,Adicto (with Anuel AA & Ozuna),Tainy
31,Alice,Jack Curley
31,Alice,Jack Curley
44,Alive,Ouska
44,Alive,Ouska
20,All Around The World (La La La),R3HAB
20,All Around The World (La La La),R3HAB
42,All Day And Night - Jax Jones & Martin Solveig Present Europa,Jax Jones
42,All Day And Night - Jax Jones & Martin Solveig Present Europa,Jax Jones
29,All For Us,Labrinth
29,All For Us,Labrinth
12,All For Us - from the HBO Original Series Euphoria,Labrinth
12,All For Us - from the HBO Original Series Euphoria,Labrinth
3,"All I Want - From ""High School Musical: The Musical: The Series""",Olivia Rodrigo
3,"All I Want - From ""High School Musical: The Musical: The Series""",Olivia Rodrigo
28,All Is Found,Evan Rachel Wood
28,All Is Found,Evan Rachel Wood
45,All Is Found - Kacey Musgraves Version,Kacey Musgraves
45,All Is Found - Kacey Musgraves Version,Kacey Musgraves
3,All Talk,3ohBlack
3,All Talk,3ohBlack
20,All Your'n,Tyler Childers
20,All Your'n,Tyler Childers
45,Alley Oop (feat. Lil Baby),Yung Gravy
45,Alley Oop (feat. Lil Baby),Yung Gravy
29,Almost (Sweet Music),Hozier
29,Almost (Sweet Music),Hozier
47,Aloha,10k.Caash
47,Aloha,10k.Caash
18,Aloha (feat. GUN40),10k.Caash
18,Aloha (feat. GUN40),10k.Caash
43,Alone (feat. A Boogie Wit da Hoodie),Trap Manny
43,Alone (feat. A Boogie Wit da Hoodie),Trap Manny
15,Already Dead,Lil Boom
15,Already Dead,Lil Boom
45,America The Beautiful,Ray Charles
45,America The Beautiful,Ray Charles
4,Amour Plastique,Videoclub
21,Amour plastique,Videoclub
4,Amour Plastique,Videoclub
21,Amour plastique,Videoclub
30,Anxiety (with Selena Gomez),Julia Michaels
30,Anxiety (with Selena Gomez),Julia Michaels
41,Anything but Yellow,Haley Mae Campbell
41,Anything but Yellow,Haley Mae Campbell
50,Anything She Says,Mitchell Tenpenny
50,Anything She Says,Mitchell Tenpenny
8,Apple Juice (feat. Carla Monroe) - MOTi Remix,SLATIN
8,Apple Juice (feat. Carla Monroe) - MOTi Remix,SLATIN
8,Arcade,Duncan Laurence
8,Arcade,Duncan Laurence
47,Ashley (with DaBaby),Stunna 4 Vegas
47,Ashley (with DaBaby),Stunna 4 Vegas
32,Asshole,hooligan chase
32,Asshole,hooligan chase
47,Aullando,Wisin & Yandel
47,Aullando,Wisin & Yandel
27,Ayy Macarena,Tyga
27,Ayy Macarena,Tyga
36,B*tch From Da Souf,Latto
36,B*tch From Da Souf,Latto
32,Baby,Amenazzy
32,Baby,Amenazzy
47,Baby (Lil Baby feat. DaBaby),Quality Control
47,Baby (Lil Baby feat. DaBaby),Quality Control
28,Baby I'm Yours (feat. Irfane),Breakbot
28,Baby I'm Yours (feat. Irfane),Breakbot
46,Baby Sitter (feat. Offset),DaBaby
46,Baby Sitter (feat. Offset),DaBaby
11,Bachelorettes on Broadway,Willie Jones
11,Bachelorettes on Broadway,Willie Jones
24,Bad Bad Bad (feat. Lil Baby),Young Thug
24,Bad Bad Bad (feat. Lil Baby),Young Thug
8,bad guy,Billie Eilish
8,bad guy,Billie Eilish
40,bad guy (with Justin Bieber),Billie Eilish
40,bad guy (with Justin Bieber),Billie Eilish
42,Bad Idea (feat. Chance the Rapper),Cordae
42,Bad Idea (feat. Chance the Rapper),Cordae
34,"Baguettes in the Face (feat. NAV, Playboi Carti & A Boogie Wit da Hoodie)",Mustard
34,"Baguettes in the Face (feat. NAV, Playboi Carti & A Boogie Wit da Hoodie)",Mustard
35,Baila Baila Baila,Ozuna
35,Baila Baila Baila,Ozuna
22,Baila Conmigo (feat. Kelly Ruiz),Dayvi
22,Baila Conmigo (feat. Kelly Ruiz),Dayvi
49,Ballin' (with Roddy Ricch),Mustard
49,Ballin' (with Roddy Ricch),Mustard
44,Bandit (with YoungBoy Never Broke Again),Juice WRLD
44,Bandit (with YoungBoy Never Broke Again),Juice WRLD
17,Be Gone Thot!,LIL MAYO
17,Be Gone Thot!,LIL MAYO
30,Be Honest (feat. Burna Boy),Jorja Smith
30,Be Honest (feat. Burna Boy),Jorja Smith
47,Beautiful Crazy,Luke Combs
47,Beautiful Crazy,Luke Combs
40,Beautiful People (feat. Khalid),Ed Sheeran
40,Beautiful People (feat. Khalid),Ed Sheeran
35,Beauty & Essex,Free Nationals
35,Beauty & Essex,Free Nationals
19,Becky,Championxiii
19,Becky,Championxiii
9,Beef FloMix,Flo Milli
9,Beef FloMix,Flo Milli
19,Beer Never Broke My Heart,Luke Combs
19,Beer Never Broke My Heart,Luke Combs
29,Before You Go,Lewis Capaldi
29,Before You Go,Lewis Capaldi
22,Beggin',Madcon
22,Beggin',Madcon
21,Behind Barz - Bonus,Drake
21,Behind Barz - Bonus,Drake
34,Bellacoso,Residente
34,Bellacoso,Residente
38,Bellas,Anthony Santos
38,Bellas,Anthony Santos
17,BEST ON EARTH (feat. BIA) - Bonus,Russ
17,BEST ON EARTH (feat. BIA) - Bonus,Russ
40,Best Part (feat. Daniel Caesar),H.E.R.
40,Best Part (feat. Daniel Caesar),H.E.R.
33,Bestie (feat. Kodak Black),Bhad Bhabie
33,Bestie (feat. Kodak Black),Bhad Bhabie
32,Better Together,Luke Combs
32,Better Together,Luke Combs
46,Bezerk (feat. A$AP Ferg),Big Sean
46,Bezerk (feat. A$AP Ferg),Big Sean
43,BIG,Young M.A
43,BIG,Young M.A
20,Big Drip,Fivio Foreign
20,Big Drip,Fivio Foreign
17,Big Ole Freak,Megan Thee Stallion
17,Big Ole Freak,Megan Thee Stallion
37,Big Plans,Why Don't We
37,Big Plans,Why Don't We
46,BIG TYME (feat. Swizz Beatz),Rick Ross
46,BIG TYME (feat. Swizz Beatz),Rick Ross
28,"Big, Big Plans",Chris Lane
28,"Big, Big Plans",Chris Lane
25,BIRTHDAY,JEON SOMI
25,BIRTHDAY,JEON SOMI
19,Birthday Suit,Cosmo Sheldrake
19,Birthday Suit,Cosmo Sheldrake
49,Bitch Lasagna,Party in Backyard
49,Bitch Lasagna,Party in Backyard
26,Bitchuary,Shordie Shordie
26,Bitchuary,Shordie Shordie
48,Bleed It,Blueface
48,Bleed It,Blueface
10,Blinding Lights,The Weeknd
10,Blinding Lights,The Weeknd
25,Blue Laces 2,Nipsey Hussle
25,Blue Laces 2,Nipsey Hussle
3,Blueberry Fuego,Yeezys Activist
3,Blueberry Fuego,Yeezys Activist
30,Boasty (feat. Idris Elba),Wiley
30,Boasty (feat. Idris Elba),Wiley
18,Bola Rebola,Tropkillaz
18,Bola Rebola,Tropkillaz
9,Bon Bon Chocolat,EVERGLOW
9,Bon Bon Chocolat,EVERGLOW
42,Bones (feat. OneRepublic),Galantis
42,Bones (feat. OneRepublic),Galantis
32,BOP,DaBaby
32,BOP,DaBaby
37,Borderline,Tame Impala
37,Borderline,Tame Impala
45,Bossa No Sé (feat. Jean Carter),Cuco
45,Bossa No Sé (feat. Jean Carter),Cuco
11,Boy With Luv (feat. Halsey),BTS
11,Boy With Luv (feat. Halsey),BTS
1,BOYFREN,LoveLeo
1,BOYFREN,LoveLeo
32,boyfriend (with Social House),Ariana Grande
32,boyfriend (with Social House),Ariana Grande
40,Boys Will Be Bugs,Cavetown
40,Boys Will Be Bugs,Cavetown
45,BRB,Luh Kel
45,BRB,Luh Kel
29,"break up with your girlfriend, i'm bored",Ariana Grande
29,"break up with your girlfriend, i'm bored",Ariana Grande
49,Breathe,The Prodigy
49,Breathe,The Prodigy
25,Broke,Samm Henshaw
25,Broke,Samm Henshaw
28,Brothers,Bankrol Hayden
28,Brothers,Bankrol Hayden
41,Buff Baby,tobi lou
41,Buff Baby,tobi lou
11,Burnin' Up,Jonas Brothers
11,Burnin' Up,Jonas Brothers
13,bury a friend,Billie Eilish
13,bury a friend,Billie Eilish
10,Bust It Open,Lil Wil
10,Bust It Open,Lil Wil
30,Buttercup,Jack Stauber
30,Buttercup,Jack Stauber
31,Butterflies,Kacey Musgraves
31,Butterflies,Kacey Musgraves
43,Buy My Own Drinks,Runaway June
43,Buy My Own Drinks,Runaway June
9,Call Me Daddy (feat. Lil Baby),PopLord
9,Call Me Daddy (feat. Lil Baby),PopLord
32,Call You Mine (feat. Bebe Rexha),The Chainsmokers
32,Call You Mine (feat. Bebe Rexha),The Chainsmokers
38,Callaita,Bad Bunny
38,Callaita,Bad Bunny
1,Calma - Remix,Pedro Capó
1,Calma - Remix,Pedro Capó
6,Camelot,NLE Choppa
6,Camelot,NLE Choppa
49,Can I Call You Tonight?,Dayglow
49,Can I Call You Tonight?,Dayglow
49,Can We Kiss Forever?,Kina
49,Can We Kiss Forever?,Kina
24,Can You Imagine That?,Emily Blunt
24,Can You Imagine That?,Emily Blunt
48,Can't Stop the Bleeding (feat. Gary Clark Jr. & Gramatik),Tom Morello
48,Can't Stop the Bleeding (feat. Gary Clark Jr. & Gramatik),Tom Morello
20,Candy,Doja Cat
20,Candy,Doja Cat
35,CAPO,NLE Choppa
35,CAPO,NLE Choppa
34,"Carry On (from the Original Motion Picture ""POKÉMON Detective Pikachu"")",Kygo
34,"Carry On (from the Original Motion Picture ""POKÉMON Detective Pikachu"")",Kygo
12,Case 19 (feat. 6ix9ine),Jasiah
12,Case 19 (feat. 6ix9ine),Jasiah
39,Cash Shit (feat. DaBaby),Megan Thee Stallion
39,Cash Shit (feat. DaBaby),Megan Thee Stallion
44,Cat & Dog,TOMORROW X TOGETHER
44,Cat & Dog,TOMORROW X TOGETHER
35,Catchy Song (feat. T-Pain & That Girl Lay Lay) [From The LEGO® Movie 2: The Second Part - Original Motion Picture Soundtrack],Dillon Francis
35,Catchy Song (feat. T-Pain & That Girl Lay Lay) [From The LEGO® Movie 2: The Second Part - Original Motion Picture Soundtrack],Dillon Francis
50,Caught Up (feat. Khalid),Majid Jordan
50,Caught Up (feat. Khalid),Majid Jordan
8,Cha Cha,Freddie Dredd
8,Cha Cha,Freddie Dredd
38,Change (with Kehlani),Arin Ray
38,Change (with Kehlani),Arin Ray
13,Change Ya Life,Haiti Babii
13,Change Ya Life,Haiti Babii
39,Chicken Noodle Soup (feat. Becky G),j-hope
39,Chicken Noodle Soup (feat. Becky G),j-hope
30,Chico (feat. Wiz Khalifa & Kap G),Alexcis
30,Chico (feat. Wiz Khalifa & Kap G),Alexcis
11,China,Anuel AA
11,China,Anuel AA
29,Choppas on Choppas (feat. NLE Choppa),Action Pack
29,Choppas on Choppas (feat. NLE Choppa),Action Pack
27,Church (feat. EARTHGANG),Samm Henshaw
27,Church (feat. EARTHGANG),Samm Henshaw
46,Church (Take Me Back),Cochren & Co.
46,Church (Take Me Back),Cochren & Co.
36,Cigarettes On Patios,BabyJake
36,Cigarettes On Patios,BabyJake
31,Circles,Post Malone
31,Circles,Post Malone
37,CIVIL WAR - Bonus,Russ
37,CIVIL WAR - Bonus,Russ
24,Close To Me (with Diplo) (feat. Swae Lee),Ellie Goulding
24,Close To Me (with Diplo) (feat. Swae Lee),Ellie Goulding
39,Clout (feat. Cardi B),Offset
39,Clout (feat. Cardi B),Offset
11,"Collide - From ""Queen & Slim: The Soundtrack""",Tiana Major9
11,"Collide - From ""Queen & Slim: The Soundtrack""",Tiana Major9
3,Come Along,Cosmo Sheldrake
3,Come Along,Cosmo Sheldrake
24,Come Back,Brinley Addington
24,Come Back,Brinley Addington
27,Come Thru (with Usher),Summer Walker
27,Come Thru (with Usher),Summer Walker
47,comethru,Jeremy Zucker
47,comethru,Jeremy Zucker
42,Con Altura,ROSALÍA
42,Con Altura,ROSALÍA
17,Con Calma,Daddy Yankee
17,Con Calma,Daddy Yankee
16,Congratulations,pewdiepie
16,Congratulations,pewdiepie
32,Contando Lunares (feat. Cruz Cafuné),Don Patricio
32,Contando Lunares (feat. Cruz Cafuné),Don Patricio
36,Coronao Now,El Alfa
36,Coronao Now,El Alfa
30,"Costa Rica (with Bas & JID feat. Guapdad 4000, Reese LAFLARE, Jace, Mez, Smokepurpp, Buddy & Ski Mask The Slump God)",Dreamville
30,"Costa Rica (with Bas & JID feat. Guapdad 4000, Reese LAFLARE, Jace, Mez, Smokepurpp, Buddy & Ski Mask The Slump God)",Dreamville
42,Cover Me Up,Morgan Wallen
42,Cover Me Up,Morgan Wallen
30,Cradles,Sub Urban
30,Cradles,Sub Urban
33,Crash Flow,Rae Rae
33,Crash Flow,Rae Rae
50,Creeker,Tyler Childers
50,Creeker,Tyler Childers
31,Crime Pays,Freddie Gibbs
31,Crime Pays,Freddie Gibbs
14,Cristina (feat. Shelow Shaq),Maffio
14,Cristina (feat. Shelow Shaq),Maffio
15,Cross Me (feat. Chance the Rapper & PnB Rock),Ed Sheeran
15,Cross Me (feat. Chance the Rapper & PnB Rock),Ed Sheeran
4,Cross Off,Mark Morton
4,Cross Off,Mark Morton
11,Crowded Table,The Highwomen
11,Crowded Table,The Highwomen
7,CROWN,TOMORROW X TOGETHER
7,CROWN,TOMORROW X TOGETHER
49,Cuban Links (feat. Kevin Gates),Rod Wave
49,Cuban Links (feat. Kevin Gates),Rod Wave
49,Daddy (feat. Rich The Kid),Blueface
49,Daddy (feat. Rich The Kid),Blueface
20,Dance Monkey,Tones And I
20,Dance Monkey,Tones And I
28,Dancin - Krono Remix (Extended),Aaron Smith
28,Dancin - Krono Remix (Extended),Aaron Smith
6,Dancin (feat. Luvli) - Krono Remix,Aaron Smith
6,Dancin (feat. Luvli) - Krono Remix,Aaron Smith
6,Dancing With A Stranger (with Normani),Sam Smith
6,Dancing With A Stranger (with Normani),Sam Smith
10,Daytrip,STEPHAN
10,Daytrip,STEPHAN
36,Dear God,Dax
36,Dear God,Dax
46,Death,Trippie Redd
46,Death,Trippie Redd
28,Dedication (feat. Kendrick Lamar),Nipsey Hussle
28,Dedication (feat. Kendrick Lamar),Nipsey Hussle
50,Demons and Angels (feat. Juice WRLD),A Boogie Wit da Hoodie
50,Demons and Angels (feat. Juice WRLD),A Boogie Wit da Hoodie
47,Desconocidos,Mau y Ricky
47,Desconocidos,Mau y Ricky
41,Did It Again,Lil Tecca
41,Did It Again,Lil Tecca
24,Dile la Verdad,The Rudeboyz
24,Dile la Verdad,The Rudeboyz
48,Dirty Dirty (feat. Lil Skies),Smokepurpp
48,Dirty Dirty (feat. Lil Skies),Smokepurpp
37,Dirty Laundry,Danny Brown
37,Dirty Laundry,Danny Brown
25,Dissolve,Absofacto
25,Dissolve,Absofacto
21,Doin' Time,Lana Del Rey
21,Doin' Time,Lana Del Rey
2,Don't Call Me Up,Mabel
2,Don't Call Me Up,Mabel
30,Don't Check On Me (feat. Justin Bieber & Ink),Chris Brown
30,Don't Check On Me (feat. Justin Bieber & Ink),Chris Brown
36,"Don't Give Up On Me - (From ""Five Feet Apart"")",Andy Grammer
36,"Don't Give Up On Me - (From ""Five Feet Apart"")",Andy Grammer
38,Don't Let Her,Walker Hayes
38,Don't Let Her,Walker Hayes
33,Don't Start Now,Dua Lipa
33,Don't Start Now,Dua Lipa
36,Don't Think Twice,Hikaru Utada
36,Don't Think Twice,Hikaru Utada
17,Donna,The Lumineers
17,Donna,The Lumineers
45,Double Up (feat. Belly and Dom Kennedy),Nipsey Hussle
45,Double Up (feat. Belly and Dom Kennedy),Nipsey Hussle
6,"Down Bad (feat. JID, Bas, J. Cole, EARTHGANG & Young Nudy)",Dreamville
6,"Down Bad (feat. JID, Bas, J. Cole, EARTHGANG & Young Nudy)",Dreamville
20,"Down Like That (feat. Rick Ross, Lil Baby & S-X)",KSI
20,"Down Like That (feat. Rick Ross, Lil Baby & S-X)",KSI
34,Drunken Lullabies,Flogging Molly
34,Drunken Lullabies,Flogging Molly
19,EARFQUAKE,"Tyler, The Creator"
19,EARFQUAKE,"Tyler, The Creator"
16,Earth,Lil Dicky
16,Earth,Lil Dicky
32,Eastside (with Halsey & Khalid),benny blanco
32,Eastside (with Halsey & Khalid),benny blanco
43,Easy,DaniLeigh
43,Easy,DaniLeigh
41,El Amar y el Querer,José José
41,El Amar y el Querer,José José
50,El Chivo (feat. T3r Elemento),Berner
50,El Chivo (feat. T3r Elemento),Berner
22,"El Favor (with Nicky Jam & Sech, feat. Farruko, Zion & Lunay)",Dímelo Flow
22,"El Favor (with Nicky Jam & Sech, feat. Farruko, Zion & Lunay)",Dímelo Flow
9,El Güero,Marca MP
9,El Güero,Marca MP
21,El Güero - En vivo,Marca MP
21,El Güero - En vivo,Marca MP
42,El Triste,José José
42,El Triste,José José
50,Elastic,Joey Purp
50,Elastic,Joey Purp
23,"Elevate (feat. Denzel Curry, YBN Cordae, SwaVay, Trevor Rich)",DJ Khalil
23,"Elevate (feat. Denzel Curry, YBN Cordae, SwaVay, Trevor Rich)",DJ Khalil
34,Ella Quiere Beber - Remix,Anuel AA
34,Ella Quiere Beber - Remix,Anuel AA
10,emotions,iann dior
10,emotions,iann dior
41,Empire State Of Mind,JAY-Z
41,Empire State Of Mind,JAY-Z
12,Envy Me,Calboy
12,Envy Me,Calboy
31,Esclavo de Tus Besos,Manuel Turizo
31,Esclavo de Tus Besos,Manuel Turizo
40,Even Though I'm Leaving,Luke Combs
40,Even Though I'm Leaving,Luke Combs
37,Everybody Eats When They Come To My House,Cab Calloway
37,Everybody Eats When They Come To My House,Cab Calloway
50,Everyday Is Like Halloween,Ministry
50,Everyday Is Like Halloween,Ministry
43,Everything I Need (From Aquaman: Original Motion Picture Soundtrack) - Film Version,Skylar Grey
43,Everything I Need (From Aquaman: Original Motion Picture Soundtrack) - Film Version,Skylar Grey
20,everything i wanted,Billie Eilish
20,everything i wanted,Billie Eilish
41,EX,Kiana Ledé
41,EX,Kiana Ledé
4,Eyes. Lips. Face.,iLL Wayno
4,Eyes. Lips. Face.,iLL Wayno
23,F.N,Lil Tjay
23,F.N,Lil Tjay
25,Face My Fears (English Version),Hikaru Utada
25,Face My Fears (English Version),Hikaru Utada
28,Fairytale of New York (feat. Kirsty MacColl),The Pogues
28,Fairytale of New York (feat. Kirsty MacColl),The Pogues
50,Faith (with Dolly Parton) [feat. Mr. Probz],Galantis
50,Faith (with Dolly Parton) [feat. Mr. Probz],Galantis
1,Falling,Trevor Daniel
1,Falling,Trevor Daniel
21,Falling (blackbear Remix),Trevor Daniel
21,Falling (blackbear Remix),Trevor Daniel
31,Falling Like The Stars,James Arthur
31,Falling Like The Stars,James Arthur
35,Famous,Adam Doleac
35,Famous,Adam Doleac
40,Fantasias,Rauw Alejandro
40,Fantasias,Rauw Alejandro
1,Fast,Sueco
7,fast,Sueco
1,Fast,Sueco
7,fast,Sueco
27,fast (Remix) [feat. Offset & A Boogie Wit da Hoodie],Sueco
27,fast (Remix) [feat. Offset & A Boogie Wit da Hoodie],Sueco
38,Faucet Failure,Ski Mask The Slump God
38,Faucet Failure,Ski Mask The Slump God
6,Fear Inoculum,TOOL
6,Fear Inoculum,TOOL
39,Feel Special,TWICE
39,Feel Special,TWICE
24,Feelings,Lauv
24,Feelings,Lauv
19,Fight (feat. Florida Georgia Line),Tayla Parx
19,Fight (feat. Florida Georgia Line),Tayla Parx
40,Fight for You,Rico Love
40,Fight for You,Rico Love
23,Find Someone Like You,Snoh Aalegra
23,Find Someone Like You,Snoh Aalegra
50,Fingías,Paloma Mami
50,Fingías,Paloma Mami
38,"Fire On Fire - From ""Watership Down""",Sam Smith
38,"Fire On Fire - From ""Watership Down""",Sam Smith
47,Firestarter,The Prodigy
47,Firestarter,The Prodigy
19,First Last Name,Madison Kozak
19,First Last Name,Madison Kozak
24,Floor Seats,A$AP Ferg
24,Floor Seats,A$AP Ferg
35,Focus (feat. 21 Savage),Bazzi
35,Focus (feat. 21 Savage),Bazzi
49,Follow God,Kanye West
49,Follow God,Kanye West
34,For My Daughter,Kane Brown
34,For My Daughter,Kane Brown
45,Forever's Gotta Start Somewhere,Chad Brownlee
45,Forever's Gotta Start Somewhere,Chad Brownlee
36,Freak Nasty,Megan Thee Stallion
36,Freak Nasty,Megan Thee Stallion
28,Freaky,Tory Lanez
28,Freaky,Tory Lanez
34,Free (with Drew Love),Louis The Child
34,Free (with Drew Love),Louis The Child
15,Fuck The Other Side,Kvngshad
15,Fuck The Other Side,Kvngshad
20,"fuck, i'm lonely",Lauv
20,"fuck, i'm lonely",Lauv
33,Gametime,Shepherd
33,Gametime,Shepherd
43,Georgia,Sean Stemaly
43,Georgia,Sean Stemaly
46,GET OFF MY D!CK,ILIRA
46,GET OFF MY D!CK,ILIRA
12,Get You The Moon (feat. Snøw),Kina
12,Get You The Moon (feat. Snøw),Kina
22,Ghostbusters,Ray Parker Jr.
22,Ghostbusters,Ray Parker Jr.
34,Giant (with Rag'n'Bone Man),Calvin Harris
34,Giant (with Rag'n'Bone Man),Calvin Harris
12,GIANTS,True Damage
12,GIANTS,True Damage
38,GIRL,Maren Morris
38,GIRL,Maren Morris
27,Girls Love Beyoncé (feat. James Fauntleroy),Drake
27,Girls Love Beyoncé (feat. James Fauntleroy),Drake
12,Giving You Up,Kameron Marlowe
12,Giving You Up,Kameron Marlowe
8,Glitter,070 Shake
8,Glitter,070 Shake
22,Gloria,Laura Branigan
22,Gloria,Laura Branigan
50,"Go Loko (feat. Tyga, Jon Z)",YG
50,"Go Loko (feat. Tyga, Jon Z)",YG
17,God Bless The U.S.A.,Lee Greenwood
17,God Bless The U.S.A.,Lee Greenwood
19,God's Country,Blake Shelton
19,God's Country,Blake Shelton
20,Goin Baby,DaBaby
20,Goin Baby,DaBaby
14,Going Bad (feat. Drake),Meek Mill
14,Going Bad (feat. Drake),Meek Mill
37,Golden Hour,Kacey Musgraves
37,Golden Hour,Kacey Musgraves
20,GOMF,DVBBS
20,GOMF,DVBBS
14,gone girl,iann dior
14,gone girl,iann dior
33,"Gonna Love Me (feat. Ghostface Killah, Method Man & Raekwon) - Remix",Teyana Taylor
33,"Gonna Love Me (feat. Ghostface Killah, Method Man & Raekwon) - Remix",Teyana Taylor
15,Good As Hell,Lizzo
38,Good as Hell,Lizzo
15,Good As Hell,Lizzo
38,Good as Hell,Lizzo
29,Good as Hell (feat. Ariana Grande) - Remix,Lizzo
29,Good as Hell (feat. Ariana Grande) - Remix,Lizzo
36,Good Grace - Live,Hillsong UNITED
36,Good Grace - Live,Hillsong UNITED
21,Good Morning,Mak Sauce
21,Good Morning,Mak Sauce
44,Good Thing (with Kehlani),Zedd
44,Good Thing (with Kehlani),Zedd
5,Good Things Fall Apart (with Jon Bellion),ILLENIUM
5,Good Things Fall Apart (with Jon Bellion),ILLENIUM
17,GOOD TIME,Niko Moon
17,GOOD TIME,Niko Moon
36,Goodbyes (Feat. Young Thug),Post Malone
36,Goodbyes (Feat. Young Thug),Post Malone
2,GOODMORNINGTOKYO!,TOKYO’S REVENGE
2,GOODMORNINGTOKYO!,TOKYO’S REVENGE
2,Gordon Ramsay,HL Wave
2,Gordon Ramsay,HL Wave
16,Got Me (with Ari Lennox & Omen feat. Ty Dolla $ign & Dreezy),Dreamville
16,Got Me (with Ari Lennox & Omen feat. Ty Dolla $ign & Dreezy),Dreamville
44,Got What I Got,Jason Aldean
44,Got What I Got,Jason Aldean
41,Gotta Go,CHUNG HA
41,Gotta Go,CHUNG HA
33,Graduation (with Juice WRLD),benny blanco
33,Graduation (with Juice WRLD),benny blanco
16,Graveyard,Halsey
16,Graveyard,Halsey
31,Great One,Jessie Reyez
31,Great One,Jessie Reyez
21,Grinding All My Life,Nipsey Hussle
21,Grinding All My Life,Nipsey Hussle
31,Grip,Seeb
31,Grip,Seeb
29,Griztronics,GRiZ
29,Griztronics,GRiZ
29,GRoCERIES,Chance the Rapper
29,GRoCERIES,Chance the Rapper
46,Grow As We Go,Ben Platt
46,Grow As We Go,Ben Platt
36,Häagen Dazs,Ghetto Sage
36,Häagen Dazs,Ghetto Sage
7,Habit,Still Woozy
7,Habit,Still Woozy
45,Hair Down (feat. Kendrick Lamar),SiR
45,Hair Down (feat. Kendrick Lamar),SiR
48,Halloween,Misfits
48,Halloween,Misfits
13,Halloween Theme - Main Title,John Carpenter
13,Halloween Theme - Main Title,John Carpenter
32,Hard Place,H.E.R.
32,Hard Place,H.E.R.
42,Hate Me (with Juice WRLD),Ellie Goulding
42,Hate Me (with Juice WRLD),Ellie Goulding
23,Have You Ever Seen the Rain (feat. Paula Nelson),Willie Nelson
23,Have You Ever Seen the Rain (feat. Paula Nelson),Willie Nelson
23,Hazy Shade of Winter (feat. Ray Toro),Gerard Way
23,Hazy Shade of Winter (feat. Ray Toro),Gerard Way
49,He,Jai Paul
49,He,Jai Paul
20,He Loves Me,Brittany Howard
20,He Loves Me,Brittany Howard
10,He Went To Jared (HARDY feat. Morgan Wallen),HARDY
10,He Went To Jared (HARDY feat. Morgan Wallen),HARDY
10,Heart On Ice,Rod Wave
10,Heart On Ice,Rod Wave
37,Heart On Ice (feat. Lil Durk) - Remix,Rod Wave
37,Heart On Ice (feat. Lil Durk) - Remix,Rod Wave
37,Heartless,The Weeknd
37,Heartless,The Weeknd
12,Heartless (feat. Morgan Wallen),Diplo
12,Heartless (feat. Morgan Wallen),Diplo
18,Heaven Only Knows,Towkio
18,Heaven Only Knows,Towkio
19,Here With Me,Marshmello
19,Here With Me,Marshmello
34,Hey Julie! (feat. Lil Yachty),KYLE
34,Hey Julie! (feat. Lil Yachty),KYLE
27,"Hey, Ma",Bon Iver
27,"Hey, Ma",Bon Iver
38,High Hopes,Panic! At The Disco
38,High Hopes,Panic! At The Disco
50,High Horse,Kacey Musgraves
50,High Horse,Kacey Musgraves
12,Higher Love,Kygo
12,Higher Love,Kygo
17,HIGHEST IN THE ROOM,Travis Scott
17,HIGHEST IN THE ROOM,Travis Scott
1,Highwomen,The Highwomen
1,Highwomen,The Highwomen
30,holy terrain,FKA twigs
30,holy terrain,FKA twigs
12,Holy Water,We The Kingdom
12,Holy Water,We The Kingdom
8,Home for the Holidays,Grant Landis
8,Home for the Holidays,Grant Landis
16,home with you,FKA twigs
16,home with you,FKA twigs
24,Homicide (feat. Eminem),Logic
24,Homicide (feat. Eminem),Logic
43,Honesty,Pink Sweat$
43,Honesty,Pink Sweat$
46,Honeybee,The Head And The Heart
46,Honeybee,The Head And The Heart
48,Honeypie,JAWNY
48,Honeypie,JAWNY
10,Hope,The Chainsmokers
10,Hope,The Chainsmokers
26,Hot (feat. Gunna),Young Thug
26,Hot (feat. Gunna),Young Thug
36,Hot (Remix) [feat. Gunna and Travis Scott],Young Thug
36,Hot (Remix) [feat. Gunna and Travis Scott],Young Thug
28,hot girl bummer,blackbear
28,hot girl bummer,blackbear
39,Hot Girl Summer (feat. Nicki Minaj & Ty Dolla $ign),Megan Thee Stallion
39,Hot Girl Summer (feat. Nicki Minaj & Ty Dolla $ign),Megan Thee Stallion
26,Hot Shower,Chance the Rapper
26,Hot Shower,Chance the Rapper
46,How Do You Sleep?,Sam Smith
46,How Do You Sleep?,Sam Smith
7,How You Feel? (Freestyle) (feat. Lil Yachty & Ski Mask The Slump God),DJ Scheme
7,How You Feel? (Freestyle) (feat. Lil Yachty & Ski Mask The Slump God),DJ Scheme
44,How You Want It?,Teyana Taylor
44,How You Want It?,Teyana Taylor
30,HP,Maluma
30,HP,Maluma
49,HURT,Witt Lowry
47,Hurt,Oliver Tree
49,HURT,Witt Lowry
47,Hurt,Oliver Tree
41,Hussle & Motivate,Nipsey Hussle
41,Hussle & Motivate,Nipsey Hussle
48,I,Lil Skies
48,I,Lil Skies
48,I BEEN BORN AGAIN,BROCKHAMPTON
48,I BEEN BORN AGAIN,BROCKHAMPTON
6,I Can't Change,Londynn B
6,I Can't Change,Londynn B
44,I Can't Handle Change,Roar
44,I Can't Handle Change,Roar
20,"I Can’t Get Enough (benny blanco, Selena Gomez, J Balvin, Tainy)",benny blanco
20,"I Can’t Get Enough (benny blanco, Selena Gomez, J Balvin, Tainy)",benny blanco
40,I Could Get Used To This,Becky Hill
40,I Could Get Used To This,Becky Hill
22,I Don't Belong In This Club,Why Don't We
22,I Don't Belong In This Club,Why Don't We
23,I Don't Care (with Justin Bieber),Ed Sheeran
23,I Don't Care (with Justin Bieber),Ed Sheeran
24,I Don’t Even Know You Anymore (feat. Bazzi & Lil Wayne),Netsky
24,I Don’t Even Know You Anymore (feat. Bazzi & Lil Wayne),Netsky
31,I Hate This,Tenille Arts
31,I Hate This,Tenille Arts
46,I Hope,Gabby Barrett
46,I Hope,Gabby Barrett
36,i love you,Billie Eilish
36,i love you,Billie Eilish
25,I Put a Spell On You,Screamin' Jay Hawkins
25,I Put a Spell On You,Screamin' Jay Hawkins
34,I Think I Luv Her (feat. YG),Tyla Yaweh
34,I Think I Luv Her (feat. YG),Tyla Yaweh
13,I Think I'm OKAY (with YUNGBLUD & Travis Barker),Machine Gun Kelly
13,I Think I'm OKAY (with YUNGBLUD & Travis Barker),Machine Gun Kelly
38,I Want You Around,Snoh Aalegra
38,I Want You Around,Snoh Aalegra
25,I Wish Grandpas Never Died,Riley Green
25,I Wish Grandpas Never Died,Riley Green
9,I.F.L.Y.,Bazzi
9,I.F.L.Y.,Bazzi
47,I'll Kill You (feat. Jhené Aiko),Summer Walker
47,I'll Kill You (feat. Jhené Aiko),Summer Walker
33,I'm Not Alright,Loud Luxury
33,I'm Not Alright,Loud Luxury
39,I'm Shipping Up To Boston,Dropkick Murphys
39,I'm Shipping Up To Boston,Dropkick Murphys
7,i'm so tired...,Lauv
7,i'm so tired...,Lauv
28,I've Been Waiting (w/ ILoveMakonnen & Fall Out Boy),Lil Peep
28,I've Been Waiting (w/ ILoveMakonnen & Fall Out Boy),Lil Peep
46,Ibtihaj,Rapsody
46,Ibtihaj,Rapsody
32,If I Can't Have You,Shawn Mendes
32,If I Can't Have You,Shawn Mendes
4,If the World Was Ending (feat. Julia Michaels),JP Saxe
4,If the World Was Ending (feat. Julia Michaels),JP Saxe
36,if we never met,John K
36,if we never met,John K
33,imagine,Ariana Grande
33,imagine,Ariana Grande
43,Immortal,21 Savage
43,Immortal,21 Savage
43,Imported (with 6LACK),Jessie Reyez
43,Imported (with 6LACK),Jessie Reyez
36,In Betweenin',AUSTN
36,In Betweenin',AUSTN
37,In My Head,Peter Manos
37,In My Head,Peter Manos
42,In My Room,Frank Ocean
42,In My Room,Frank Ocean
11,In The Dark,YG
11,In The Dark,YG
21,In The Party,Flo Milli
21,In The Party,Flo Milli
28,Insomnia,Daya
28,Insomnia,Daya
36,Into the Unknown,Idina Menzel
36,Into the Unknown,Idina Menzel
17,Into the Unknown - Panic! At The Disco Version,Panic! At The Disco
17,Into the Unknown - Panic! At The Disco Version,Panic! At The Disco
28,INTRO,DaBaby
28,INTRO,DaBaby
13,Isis,Joyner Lucas
13,Isis,Joyner Lucas
22,it's not u it's me,Bea Miller
22,it's not u it's me,Bea Miller
2,It's Thanksgiving,Nicole Westbrook
2,It's Thanksgiving,Nicole Westbrook
45,It's You,Ali Gatie
45,It's You,Ali Gatie
49,Jacques (with ‪Tove Lo),Jax Jones
49,Jacques (with ‪Tove Lo),Jax Jones
32,Jailbreak the Tesla (Feat. Aminé),Injury Reserve
32,Jailbreak the Tesla (Feat. Aminé),Injury Reserve
38,Jerry Sprunger (with T-Pain),Tory Lanez
38,Jerry Sprunger (with T-Pain),Tory Lanez
19,"Jesus Forgive Me, I Am A Thot",JPEGMAFIA
19,"Jesus Forgive Me, I Am A Thot",JPEGMAFIA
48,Jesus In LA,Alec Benjamin
48,Jesus In LA,Alec Benjamin
21,Jesus Is The One (I Got Depression),Zack Fox
21,Jesus Is The One (I Got Depression),Zack Fox
16,Joyful Noise,FLAME
16,Joyful Noise,FLAME
50,Juice,Lizzo
50,Juice,Lizzo
33,Juicy,Doja Cat
33,Juicy,Doja Cat
42,July,Noah Cyrus
42,July,Noah Cyrus
37,July (feat. Leon Bridges),Noah Cyrus
37,July (feat. Leon Bridges),Noah Cyrus
27,Just Friends,Virginia To Vegas
27,Just Friends,Virginia To Vegas
10,Keanu Reeves,Logic
10,Keanu Reeves,Logic
3,"Kid Cudi With Nudy, Uzi, and Rocky",Traptology
3,"Kid Cudi With Nudy, Uzi, and Rocky",Traptology
14,Kill This Love,BLACKPINK
14,Kill This Love,BLACKPINK
34,Killer (feat. Drake),Nipsey Hussle
34,Killer (feat. Drake),Nipsey Hussle
35,KNOCK,Stafford Brothers
35,KNOCK,Stafford Brothers
38,Knockin' Boots,Luke Bryan
38,Knockin' Boots,Luke Bryan
46,LA CANCIÓN,J Balvin
46,LA CANCIÓN,J Balvin
43,La Di Da,Lennon Stella
43,La Di Da,Lennon Stella
23,La La Land (feat. YG),Bryce Vine
23,La La Land (feat. YG),Bryce Vine
3,Lalala,Y2K
3,Lalala,Y2K
19,Lark,Angel Olsen
19,Lark,Angel Olsen
47,Last Hurrah,Bebe Rexha
47,Last Hurrah,Bebe Rexha
49,Last Night's Mascara,Brynn Cartelli
49,Last Night's Mascara,Brynn Cartelli
47,Last Supper,D Smoke
47,Last Supper,D Smoke
17,Last Time That I Checc'd (feat. YG),Nipsey Hussle
17,Last Time That I Checc'd (feat. YG),Nipsey Hussle
46,Lay By Me,Ruben
46,Lay By Me,Ruben
34,Leave Em Alone (with Lil Baby & City Girls feat. PnB Rock),Quality Control
34,Leave Em Alone (with Lil Baby & City Girls feat. PnB Rock),Quality Control
29,Leave Her Wild,Tyler Rich
29,Leave Her Wild,Tyler Rich
44,Leave Me Alone,Flipp Dinero
44,Leave Me Alone,Flipp Dinero
47,"Left Hand (feat. Joey Bada$$, Flatbush Zombies, The Underachievers, Kirk Knight, Nyck Caution, CJ Fly)",Beast Coast
47,"Left Hand (feat. Joey Bada$$, Flatbush Zombies, The Underachievers, Kirk Knight, Nyck Caution, CJ Fly)",Beast Coast
48,Legacy (feat. Travis Scott & 21 Savage),Offset
48,Legacy (feat. Travis Scott & 21 Savage),Offset
7,Legends,Juice WRLD
7,Legends,Juice WRLD
45,Let Go,Beau Young Prince
45,Let Go,Beau Young Prince
19,Let Me Down Slowly,Alec Benjamin
19,Let Me Down Slowly,Alec Benjamin
17,Let Me Know (I Wonder Why Freestyle),Juice WRLD
17,Let Me Know (I Wonder Why Freestyle),Juice WRLD
41,Let Migo,D Smoke
41,Let Migo,D Smoke
2,Liar,BigKlit
2,Liar,BigKlit
26,Lie To Me (feat. Julia Michaels),5 Seconds of Summer
26,Lie To Me (feat. Julia Michaels),5 Seconds of Summer
29,Life In The City,The Lumineers
29,Life In The City,The Lumineers
18,Light Me Up,SNO
18,Light Me Up,SNO
15,Lights Up,Harry Styles
15,Lights Up,Harry Styles
26,Like a Girl,Lizzo
26,Like a Girl,Lizzo
46,Like I Knew You Would,Payton Smith
46,Like I Knew You Would,Payton Smith
48,Linus & Lucy - Recorded at Spotify Studios NYC,Anderson .Paak
48,Linus & Lucy - Recorded at Spotify Studios NYC,Anderson .Paak
47,Living Proof,Camila Cabello
47,Living Proof,Camila Cabello
38,Loco,Beéle
38,Loco,Beéle
40,Loco Contigo (with J. Balvin & Tyga),DJ Snake
40,Loco Contigo (with J. Balvin & Tyga),DJ Snake
37,Lonely,Noah Cyrus
37,Lonely,Noah Cyrus
46,Lonely If You Are,Chase Rice
46,Lonely If You Are,Chase Rice
37,Longshot,Catfish and the Bottlemen
37,Longshot,Catfish and the Bottlemen
16,Look Back at It,A Boogie Wit da Hoodie
16,Look Back at It,A Boogie Wit da Hoodie
45,Look What God Gave Her,Thomas Rhett
45,Look What God Gave Her,Thomas Rhett
44,Lose Control,MEDUZA
44,Lose Control,MEDUZA
16,Lose You To Love Me,Selena Gomez
16,Lose You To Love Me,Selena Gomez
38,Lost in the Fire,Gesaffelstein
38,Lost in the Fire,Gesaffelstein
37,Lost in the Woods,Jonathan Groff
37,Lost in the Woods,Jonathan Groff
39,Love Affair,UMI
39,Love Affair,UMI
49,Love Has Won,Citizen Way
49,Love Has Won,Citizen Way
42,Love Me,Lil Tecca
42,Love Me,Lil Tecca
23,Love Me Less (feat. Quinn XCII),MAX
23,Love Me Less (feat. Quinn XCII),MAX
25,Love Me More,Trippie Redd
25,Love Me More,Trippie Redd
1,Love Songs,Kaash Paige
1,Love Songs,Kaash Paige
8,Love Songs - Bonus,Kaash Paige
8,Love Songs - Bonus,Kaash Paige
18,Lovebug,Jonas Brothers
18,Lovebug,Jonas Brothers
48,Loved by a Country Boy,Trea Landon
48,Loved by a Country Boy,Trea Landon
45,Lovely - Acoustic Cover,Milli Davis
45,Lovely - Acoustic Cover,Milli Davis
15,Lover,Taylor Swift
15,Lover,Taylor Swift
21,Lovestained,Hope Tala
21,Lovestained,Hope Tala
10,Lucid Dreams,Juice WRLD
10,Lucid Dreams,Juice WRLD
50,Mad Love,Mabel
50,Mad Love,Mabel
9,Make It Jingle - Recorded at Electric Lady Studios NYC,Preservation Hall Jazz Band
9,Make It Jingle - Recorded at Electric Lady Studios NYC,Preservation Hall Jazz Band
46,Make It Right (feat. Lauv),BTS
46,Make It Right (feat. Lauv),BTS
31,Make Me Want To,Jimmie Allen
31,Make Me Want To,Jimmie Allen
38,Make No Sense,YoungBoy Never Broke Again
38,Make No Sense,YoungBoy Never Broke Again
34,Make You Mine,PUBLIC
34,Make You Mine,PUBLIC
25,Maniac,Conan Gray
25,Maniac,Conan Gray
25,Mariners Apartment Complex,Lana Del Rey
25,Mariners Apartment Complex,Lana Del Rey
16,Marlboro Nights,Lonely God
16,Marlboro Nights,Lonely God
39,ME! (feat. Brendon Urie of Panic! At The Disco),Taylor Swift
39,ME! (feat. Brendon Urie of Panic! At The Disco),Taylor Swift
30,Memories,Maroon 5
30,Memories,Maroon 5
19,MIDDLE CHILD,J. Cole
19,MIDDLE CHILD,J. Cole
39,Mile High (feat. Travis Scott & Metro Boomin),James Blake
39,Mile High (feat. Travis Scott & Metro Boomin),James Blake
6,Mine,Princess Nokia
6,Mine,Princess Nokia
45,Miserlou,Dick Dale and his Del-Tones
45,Miserlou,Dick Dale and his Del-Tones
49,Mixed Personalities (feat. Kanye West),YNW Melly
49,Mixed Personalities (feat. Kanye West),YNW Melly
18,molly,iann dior
18,molly,iann dior
15,Money,The Drums
15,Money,The Drums
17,Money In The Grave (Drake ft. Rick Ross),Drake
17,Money In The Grave (Drake ft. Rick Ross),Drake
50,Monica Lewinsky (feat. A Boogie wit da Hoodie),SAINt JHN
50,Monica Lewinsky (feat. A Boogie wit da Hoodie),SAINt JHN
45,Monita,Vincent Brahn
45,Monita,Vincent Brahn
13,monster,21 Savage
13,monster,21 Savage
34,Monster Mash,"Bobby ""Boris"" Pickett"
34,Monster Mash,"Bobby ""Boris"" Pickett"
8,Moonlight,Gaullin
8,Moonlight,Gaullin
42,More Hearts Than Mine,Ingrid Andress
42,More Hearts Than Mine,Ingrid Andress
40,Mother's Daughter,Miley Cyrus
40,Mother's Daughter,Miley Cyrus
34,Motivation,Normani
34,Motivation,Normani
24,Mount Everest,Labrinth
24,Mount Everest,Labrinth
41,Mover Awayer,Hobo Johnson
41,Mover Awayer,Hobo Johnson
39,Murder On My Mind,YNW Melly
39,Murder On My Mind,YNW Melly
37,MUSHROOM CHOCOLATE (with 6LACK),QUIN
37,MUSHROOM CHOCOLATE (with 6LACK),QUIN
43,My Bad,Khalid
43,My Bad,Khalid
35,My Feelings,DiRTY RADiO
35,My Feelings,DiRTY RADiO
9,My Person,Spencer Crandall
9,My Person,Spencer Crandall
13,my strange addiction,Billie Eilish
13,my strange addiction,Billie Eilish
45,My Type,Saweetie
45,My Type,Saweetie
43,My Type (feat. City Girls & Jhené Aiko) - Remix,Saweetie
43,My Type (feat. City Girls & Jhené Aiko) - Remix,Saweetie
22,My Year,GASHI
22,My Year,GASHI
8,"Nails, Hair, Hips, Heels",Todrick Hall
8,"Nails, Hair, Hips, Heels",Todrick Hall
23,Nanã,Polo & Pan
23,Nanã,Polo & Pan
47,Need Me,J.I the Prince of N.Y
47,Need Me,J.I the Prince of N.Y
26,Neon Moon,Cigarettes After Sex
26,Neon Moon,Cigarettes After Sex
17,Neon Moon - with Kacey Musgraves,Brooks & Dunn
17,Neon Moon - with Kacey Musgraves,Brooks & Dunn
9,Never Ending Story,Limahl
9,Never Ending Story,Limahl
43,Never Go Back,Dennis Lloyd
43,Never Go Back,Dennis Lloyd
35,Never Really Over,Katy Perry
35,Never Really Over,Katy Perry
32,Never Seen the Rain,Tones And I
32,Never Seen the Rain,Tones And I
31,New Year,The Shires
31,New Year,The Shires
28,Nice To Meet Ya,Niall Horan
28,Nice To Meet Ya,Niall Horan
5,Nights Like This (feat. Ty Dolla $ign),Kehlani
5,Nights Like This (feat. Ty Dolla $ign),Kehlani
40,NNAN,Young M.A
40,NNAN,Young M.A
19,No Auto Durk,Only The Family
19,No Auto Durk,Only The Family
36,No Cap (feat. Rich The Kid),83 Babies
36,No Cap (feat. Rich The Kid),83 Babies
47,No Church In The Wild,JAY-Z
47,No Church In The Wild,JAY-Z
45,No Face No Ca$e,King Lil G
45,No Face No Ca$e,King Lil G
26,No Friends,HappyBirthdayCalvin
26,No Friends,HappyBirthdayCalvin
46,No Guidance (feat. Drake),Chris Brown
46,No Guidance (feat. Drake),Chris Brown
29,No Idea,Don Toliver
29,No Idea,Don Toliver
22,No Me Conoce - Remix,Jhay Cortez
22,No Me Conoce - Remix,Jhay Cortez
22,No One But You,Hillsong Worship
22,No One But You,Hillsong Worship
44,No Te Enamores,Paloma Mami
44,No Te Enamores,Paloma Mami
37,Nobody,Martin Jensen
37,Nobody,Martin Jensen
18,"NoBody Else (feat. Nick Cannon, Ty Dolla $ign & Jacquees)",Ncredible Gang
18,"NoBody Else (feat. Nick Cannon, Ty Dolla $ign & Jacquees)",Ncredible Gang
43,None of This,Bino Rideaux
43,None of This,Bino Rideaux
14,Not,Big Thief
14,Not,Big Thief
47,Nothin’ Out Here (HARDY feat. Thomas Rhett),HARDY
47,Nothin’ Out Here (HARDY feat. Thomas Rhett),HARDY
6,Nothing Breaks Like a Heart (feat. Miley Cyrus),Mark Ronson
6,Nothing Breaks Like a Heart (feat. Miley Cyrus),Mark Ronson
45,Now I'm In It,HAIM
45,Now I'm In It,HAIM
34,Nuketown (feat. Juice WRLD),Ski Mask The Slump God
34,Nuketown (feat. Juice WRLD),Ski Mask The Slump God
3,ok boomer,Peter Kuli
3,ok boomer,Peter Kuli
4,ok boomer (feat. Jed Will),Peter Kuli
4,ok boomer (feat. Jed Will),Peter Kuli
10,Old Town Road,Lil Nas X
10,Old Town Road,Lil Nas X
48,Old Town Road - Diplo Remix,Lil Nas X
48,Old Town Road - Diplo Remix,Lil Nas X
13,Old Town Road (feat. Billy Ray Cyrus) - Remix,Lil Nas X
13,Old Town Road (feat. Billy Ray Cyrus) - Remix,Lil Nas X
1,Omae Wa Mou,deadman 死人
1,Omae Wa Mou,deadman 死人
14,On A Roll,Ashley O
14,On A Roll,Ashley O
34,On Chill (feat. Jeremih),Wale
34,On Chill (feat. Jeremih),Wale
33,On My Way,Alan Walker
33,On My Way,Alan Walker
19,ONE BEER (feat. Lauren Alaina & Devin Dawson),HARDY
19,ONE BEER (feat. Lauren Alaina & Devin Dawson),HARDY
42,One Man Band,Old Dominion
42,One Man Band,Old Dominion
38,One Thing Right,Marshmello
38,One Thing Right,Marshmello
11,One Thought Away (feat. Wiz Khalifa),Asher Angel
11,One Thought Away (feat. Wiz Khalifa),Asher Angel
30,Only Human,Jonas Brothers
30,Only Human,Jonas Brothers
39,ORANGE SODA,Baby Keem
39,ORANGE SODA,Baby Keem
28,Other Girl,Filmore
28,Other Girl,Filmore
6,Otro Trago,Sech
6,Otro Trago,Sech
41,Otro Trago - Remix,Sech
41,Otro Trago - Remix,Sech
19,Out Loud,Scarypoolparty
19,Out Loud,Scarypoolparty
41,Out Of Love,Alessia Cara
41,Out Of Love,Alessia Cara
31,Outnumbered,Dermot Kennedy
31,Outnumbered,Dermot Kennedy
37,Outta My Head (with John Mayer),Khalid
37,Outta My Head (with John Mayer),Khalid
38,OUTTA MY MIND,Monsune
38,OUTTA MY MIND,Monsune
51,Overthinker,INZO
51,Overthinker,INZO
24,Own It (feat. Ed Sheeran & Burna Boy),Stormzy
24,Own It (feat. Ed Sheeran & Burna Boy),Stormzy
13,Pa Mí - Remix,Dalex
13,Pa Mí - Remix,Dalex
32,Pa Olvidarte (feat. Manuel Turizo) - Remix,ChocQuibTown
32,Pa Olvidarte (feat. Manuel Turizo) - Remix,ChocQuibTown
26,Panini,Lil Nas X
26,Panini,Lil Nas X
34,Panini - DaBaby Remix,Lil Nas X
34,Panini - DaBaby Remix,Lil Nas X
31,Paradise,Bazzi
31,Paradise,Bazzi
39,Paris Morton Music,Drake
39,Paris Morton Music,Drake
31,Patience,Tame Impala
31,Patience,Tame Impala
43,Peach,Kevin Abstract
43,Peach,Kevin Abstract
41,Peer Pressure (feat. Julia Michaels),James Bay
41,Peer Pressure (feat. Julia Michaels),James Bay
11,Piece Of Your Heart,MEDUZA
11,Piece Of Your Heart,MEDUZA
10,Pissy Pamper,YungKash K1k
10,Pissy Pamper,YungKash K1k
44,Planet B,King Gizzard & The Lizard Wizard
44,Planet B,King Gizzard & The Lizard Wizard
46,Play My Music,Jonas Brothers
46,Play My Music,Jonas Brothers
25,Playing Games,Summer Walker
25,Playing Games,Summer Walker
41,Playing Games (with Bryson Tiller) - Extended Version,Summer Walker
41,Playing Games (with Bryson Tiller) - Extended Version,Summer Walker
11,Please Me,Cardi B
11,Please Me,Cardi B
38,Poles,Quin Nfn
38,Poles,Quin Nfn
6,Pop Out (feat. Lil Tjay),Polo G
6,Pop Out (feat. Lil Tjay),Polo G
25,Popular Monster,Falling In Reverse
25,Popular Monster,Falling In Reverse
11,Post Malone (feat. RANI),Sam Feldt
11,Post Malone (feat. RANI),Sam Feldt
40,Power Over Me,Dermot Kennedy
40,Power Over Me,Dermot Kennedy
44,Prayed For You,Matt Stell
44,Prayed For You,Matt Stell
11,Pretty Face,King Staccz
11,Pretty Face,King Staccz
38,Pretty Heart,Parker McCollum
38,Pretty Heart,Parker McCollum
35,Project Dreams,Marshmello
35,Project Dreams,Marshmello
35,prom dress,mxmtoon
35,prom dress,mxmtoon
22,Prom Queen,Catie Turner
22,Prom Queen,Catie Turner
38,Pull Up (feat. Lil Uzi Vert & YNW Melly),Lil Keed
38,Pull Up (feat. Lil Uzi Vert & YNW Melly),Lil Keed
30,Pulverturm - Tiësto's Big Room Remix,Niels Van Gogh
30,Pulverturm - Tiësto's Big Room Remix,Niels Van Gogh
10,Pumpkins scream in the dead of night,Savage Ga$p
10,Pumpkins scream in the dead of night,Savage Ga$p
46,Pure Cocaine,Lil Baby
46,Pure Cocaine,Lil Baby
8,Pure Water (with Migos),Mustard
8,Pure Water (with Migos),Mustard
42,Purple Emoji (feat. J. Cole),Ty Dolla $ign
42,Purple Emoji (feat. J. Cole),Ty Dolla $ign
20,Que Calor (with J Balvin & El Alfa),Major Lazer
20,Que Calor (with J Balvin & El Alfa),Major Lazer
36,Que Le De,Rauw Alejandro
36,Que Le De,Rauw Alejandro
44,Que Mas Pues - Remix,Sech
44,Que Mas Pues - Remix,Sech
10,Queen of Mean,Sarah Jeffery
10,Queen of Mean,Sarah Jeffery
10,Quizas,Rich Music LTD
10,Quizas,Rich Music LTD
6,Racks in the Middle (feat. Roddy Ricch and Hit-Boy),Nipsey Hussle
6,Racks in the Middle (feat. Roddy Ricch and Hit-Boy),Nipsey Hussle
6,Rainbow,Kacey Musgraves
6,Rainbow,Kacey Musgraves
44,Rainy Days (feat. Eminem),WESTSIDE BOOGIE
44,Rainy Days (feat. Eminem),WESTSIDE BOOGIE
27,Raise a Hallelujah - Live,Bethel Music
27,Raise a Hallelujah - Live,Bethel Music
12,Ransom,Lil Tecca
12,Ransom,Lil Tecca
32,Ransom (with Juice WRLD) - Remix,Lil Tecca
32,Ransom (with Juice WRLD) - Remix,Lil Tecca
43,Really,Pc Tweezie
43,Really,Pc Tweezie
22,Rebota,Guaynaa
22,Rebota,Guaynaa
47,Rebota - Remix,Guaynaa
47,Rebota - Remix,Guaynaa
21,Red Room,Offset
21,Red Room,Offset
10,Redesigning Women,The Highwomen
10,Redesigning Women,The Highwomen
40,Rescue Me,OneRepublic
40,Rescue Me,OneRepublic
50,RICKY,Denzel Curry
50,RICKY,Denzel Curry
3,Ride It,Regard
3,Ride It,Regard
31,"Ride Or Die - From ""Queen & Slim: The Soundtrack""",Megan Thee Stallion
31,"Ride Or Die - From ""Queen & Slim: The Soundtrack""",Megan Thee Stallion
40,Risk,FKJ
40,Risk,FKJ
20,RITMO (Bad Boys For Life),Black Eyed Peas
20,RITMO (Bad Boys For Life),Black Eyed Peas
23,River,Joni Mitchell
23,River,Joni Mitchell
37,RNP (feat. Anderson .Paak),Cordae
37,RNP (feat. Anderson .Paak),Cordae
40,Robbery,Juice WRLD
40,Robbery,Juice WRLD
17,Rock And Roll Part II,Gary Glitter
17,Rock And Roll Part II,Gary Glitter
5,Roddy,Djo
5,Roddy,Djo
32,Rodeo,Lil Nas X
32,Rodeo,Lil Nas X
45,romance361,iann dior
45,romance361,iann dior
15,Roses - Imanbek Remix,SAINt JHN
15,Roses - Imanbek Remix,SAINt JHN
7,Roses (with Juice WRLD feat. Brendon Urie),benny blanco
7,Roses (with Juice WRLD feat. Brendon Urie),benny blanco
39,Round of Applause,K'ron
39,Round of Applause,K'ron
3,ROXANNE,Arizona Zervas
3,ROXANNE,Arizona Zervas
47,Rules,Doja Cat
47,Rules,Doja Cat
29,Run To The Father,Cody Carnes
29,Run To The Father,Cody Carnes
5,Runway,Stunna Girl
5,Runway,Stunna Girl
30,Rushing Back,Flume
30,Rushing Back,Flume
30,S.O.S.,Jonas Brothers
30,S.O.S.,Jonas Brothers
26,Sanctuary,Joji
26,Sanctuary,Joji
33,Sandstorm (feat. JID),Mereba
33,Sandstorm (feat. JID),Mereba
33,Sanguine Paradise,Lil Uzi Vert
33,Sanguine Paradise,Lil Uzi Vert
27,Saturday Nights,Khalid
27,Saturday Nights,Khalid
23,Say My Name,Alex Brightman
23,Say My Name,Alex Brightman
14,Say So,Doja Cat
14,Say So,Doja Cat
14,Secreto,Anuel AA
14,Secreto,Anuel AA
12,See A Victory,Elevation Worship
12,See A Victory,Elevation Worship
27,Self Control,YoungBoy Never Broke Again
27,Self Control,YoungBoy Never Broke Again
30,Señorita,Shawn Mendes
30,Señorita,Shawn Mendes
5,September,"Earth, Wind & Fire"
5,September,"Earth, Wind & Fire"
12,Sexual Vibe,Stephen Puth
12,Sexual Vibe,Stephen Puth
45,Shallow,Lady Gaga
45,Shallow,Lady Gaga
47,Shenanigans (feat. Yung Bans),Jasiah
47,Shenanigans (feat. Yung Bans),Jasiah
45,Shibuya,Free Nationals
45,Shibuya,Free Nationals
27,shining on my ex,bbno$
27,shining on my ex,bbno$
15,Shotta Flow,NLE Choppa
15,Shotta Flow,NLE Choppa
18,Shotta Flow (Feat. Blueface) [Remix],NLE Choppa
18,Shotta Flow (Feat. Blueface) [Remix],NLE Choppa
33,Shotta Flow 2,NLE Choppa
33,Shotta Flow 2,NLE Choppa
40,Show & Tell,Melanie Martinez
40,Show & Tell,Melanie Martinez
41,Show Yourself,Idina Menzel
41,Show Yourself,Idina Menzel
23,Si Se Da,Myke Towers
23,Si Se Da,Myke Towers
45,Sin City,Chrishan
45,Sin City,Chrishan
9,Sing Along,Sturgill Simpson
9,Sing Along,Sturgill Simpson
41,Slayerr,Tm88
41,Slayerr,Tm88
34,Slide,H.E.R.
34,Slide,H.E.R.
13,Slide Away,Miley Cyrus
13,Slide Away,Miley Cyrus
16,Slime Dreams,YNW BSlime
16,Slime Dreams,YNW BSlime
39,Slow Burn,Kacey Musgraves
39,Slow Burn,Kacey Musgraves
47,So Close,NOTD
47,So Close,NOTD
41,SOLO,JENNIE
41,SOLO,JENNIE
40,Soltera,Lunay
40,Soltera,Lunay
36,Soltera - Remix,Lunay
36,Soltera - Remix,Lunay
16,Some Say,Nea
16,Some Say,Nea
9,Somebody,Internet Money
9,Somebody,Internet Money
43,Somebody's Watching Me - Single Version,Rockwell
43,Somebody's Watching Me - Single Version,Rockwell
43,Someone To Spend Time With,Los Retros
43,Someone To Spend Time With,Los Retros
32,Someone You Loved,Lewis Capaldi
32,Someone You Loved,Lewis Capaldi
14,SOS,Avicii
14,SOS,Avicii
8,Soulmate,Lizzo
8,Soulmate,Lizzo
35,Soy El Diablo - Remix,Natanael Cano
35,Soy El Diablo - Remix,Natanael Cano
31,Space Cadet (feat. Gunna),Metro Boomin
31,Space Cadet (feat. Gunna),Metro Boomin
42,Speechless (Full),Naomi Scott
42,Speechless (Full),Naomi Scott
46,Spicy - with Diplo & Charli XCX,Herve Pagez
46,Spicy - with Diplo & Charli XCX,Herve Pagez
49,Spin With You (feat. Jeremy Zucker),Emma Sameth
49,Spin With You (feat. Jeremy Zucker),Emma Sameth
18,Splash,Ty James
18,Splash,Ty James
29,Splashin,Rich The Kid
29,Splashin,Rich The Kid
44,Spooky,Classics IV
44,Spooky,Classics IV
50,"Spooky, Scary Skeletons",Andrew Gold
50,"Spooky, Scary Skeletons",Andrew Gold
44,Stacy,Quinn XCII
44,Stacy,Quinn XCII
38,Start a Riot,Duckwrth
38,Start a Riot,Duckwrth
21,Start of Something New - Nini Version,Olivia Rodrigo
21,Start of Something New - Nini Version,Olivia Rodrigo
43,Start Wit Me (feat. Gunna),Roddy Ricch
43,Start Wit Me (feat. Gunna),Roddy Ricch
43,Startender (feat. Offset and Tyga),A Boogie Wit da Hoodie
43,Startender (feat. Offset and Tyga),A Boogie Wit da Hoodie
29,Stay High,Brittany Howard
29,Stay High,Brittany Howard
35,Stop Snitchin,YG
35,Stop Snitchin,YG
45,Strange Love,Simple Creatures
45,Strange Love,Simple Creatures
49,Stucc in the Grind,Bino Rideaux
49,Stucc in the Grind,Bino Rideaux
18,Stuck In A Dream (feat. Gunna),Lil Mosey
18,Stuck In A Dream (feat. Gunna),Lil Mosey
2,STUPID (feat. Yung Baby Tate),Ashnikko
2,STUPID (feat. Yung Baby Tate),Ashnikko
16,Subaru Crosstrek XV,Hobo Johnson
16,Subaru Crosstrek XV,Hobo Johnson
17,Sucker,Jonas Brothers
17,Sucker,Jonas Brothers
35,Sue Me,Sabrina Carpenter
35,Sue Me,Sabrina Carpenter
10,SUGAR,BROCKHAMPTON
10,SUGAR,BROCKHAMPTON
26,Sugar Honey Iced Tea (S.H.I.T.),Princess Nokia
26,Sugar Honey Iced Tea (S.H.I.T.),Princess Nokia
5,Suge,DaBaby
5,Suge,DaBaby
16,Suicidal,YNW Melly
16,Suicidal,YNW Melly
10,Summer Days (feat. Macklemore & Patrick Stump of Fall Out Boy),Martin Garrix
10,Summer Days (feat. Macklemore & Patrick Stump of Fall Out Boy),Martin Garrix
44,Sunday Best,Surfaces
44,Sunday Best,Surfaces
4,Sunflower - Spider-Man: Into the Spider-Verse,Post Malone
4,Sunflower - Spider-Man: Into the Spider-Verse,Post Malone
19,Sunkissed,khai dreams
19,Sunkissed,khai dreams
35,Sunshine,Charlie Heat
35,Sunshine,Charlie Heat
19,Sweet but Psycho,Ava Max
19,Sweet but Psycho,Ava Max
2,Sweet Victory,Baseball Hockey Sports Crew
2,Sweet Victory,Baseball Hockey Sports Crew
31,Swervin (feat. 6ix9ine),A Boogie Wit da Hoodie
31,Swervin (feat. 6ix9ine),A Boogie Wit da Hoodie
16,Symphony,Switch
16,Symphony,Switch
42,Take It Down (feat. Offset),Pardison Fontaine
42,Take It Down (feat. Offset),Pardison Fontaine
11,Take Me to the Light,Francis and the Lights
11,Take Me to the Light,Francis and the Lights
28,Take What You Want (feat. Ozzy Osbourne & Travis Scott),Post Malone
28,Take What You Want (feat. Ozzy Osbourne & Travis Scott),Post Malone
6,Take Your Man,Mahogany Lox
6,Take Your Man,Mahogany Lox
29,Takeaway (feat. Lennon Stella),The Chainsmokers
29,Takeaway (feat. Lennon Stella),The Chainsmokers
25,Talk,Khalid
25,Talk,Khalid
50,Talk (feat. Disclosure),Khalid
50,Talk (feat. Disclosure),Khalid
49,TAlk tO Me (with Rich The Kid feat. Lil Wayne) - Remix,Tory Lanez
49,TAlk tO Me (with Rich The Kid feat. Lil Wayne) - Remix,Tory Lanez
2,Talkin' My Shit,Quin Nfn
2,Talkin' My Shit,Quin Nfn
44,Te Robaré,Nicky Jam
44,Te Robaré,Nicky Jam
44,Te Vi,Piso 21
44,Te Vi,Piso 21
38,Teeth,5 Seconds of Summer
38,Teeth,5 Seconds of Summer
37,Tempo (feat. Missy Elliott),Lizzo
37,Tempo (feat. Missy Elliott),Lizzo
48,Tequila Does,Miranda Lambert
48,Tequila Does,Miranda Lambert
39,Tequila Little Time,Jon Pardi
39,Tequila Little Time,Jon Pardi
18,"thank u, next",Ariana Grande
18,"thank u, next",Ariana Grande
49,That's a Rack,Lil Uzi Vert
49,That's a Rack,Lil Uzi Vert
22,That's Life (feat. Mac Miller & Sia),88-Keys
22,That's Life (feat. Mac Miller & Sia),88-Keys
48,The Bones,Maren Morris
48,The Bones,Maren Morris
38,The Bones - with Hozier,Maren Morris
38,The Bones - with Hozier,Maren Morris
11,The Days,Hailey Whitters
11,The Days,Hailey Whitters
23,The Git Up,Blanco Brown
23,The Git Up,Blanco Brown
46,The Good Ones,Gabby Barrett
46,The Good Ones,Gabby Barrett
24,The Joke,Brandi Carlile
24,The Joke,Brandi Carlile
47,The London (feat. J. Cole & Travis Scott),Young Thug
47,The London (feat. J. Cole & Travis Scott),Young Thug
22,The Mop,TisaKorean
22,The Mop,TisaKorean
25,The Motion,Drake
25,The Motion,Drake
49,The Next Right Thing,Kristen Bell
49,The Next Right Thing,Kristen Bell
24,The Night King,Ramin Djawadi
24,The Night King,Ramin Djawadi
11,"The Place Where Lost Things Go - From ""Mary Poppins Returns""",Emily Blunt
11,"The Place Where Lost Things Go - From ""Mary Poppins Returns""",Emily Blunt
36,The Purple People Eater,Sheb Wooley
36,The Purple People Eater,Sheb Wooley
29,The Search,NF
29,The Search,NF
7,The Thanksgiving Song,Adam Sandler
7,The Thanksgiving Song,Adam Sandler
47,There You Are,ZAYN
47,There You Are,ZAYN
28,These Days,Silas
28,These Days,Silas
35,This Is Halloween,The Citizens of Halloween
35,This Is Halloween,The Citizens of Halloween
45,This is Halloween - Pop Version,Marilyn Manson
45,This is Halloween - Pop Version,Marilyn Manson
8,THOT!,TOKYO’S REVENGE
8,THOT!,TOKYO’S REVENGE
1,Thotiana,Blueface
1,Thotiana,Blueface
16,"Thotiana (feat. Cardi B, YG) [Remix]",Blueface
16,"Thotiana (feat. Cardi B, YG) [Remix]",Blueface
26,Throw Fits (feat. City Girls & Juvenile),London On Da Track
26,Throw Fits (feat. City Girls & Juvenile),London On Da Track
46,THRU THE NIGHT (feat. Bryson Tiller),Jack Harlow
46,THRU THE NIGHT (feat. Bryson Tiller),Jack Harlow
35,Tia Tamera (feat. Rico Nasty),Doja Cat
35,Tia Tamera (feat. Rico Nasty),Doja Cat
49,Time - Edit,NF
49,Time - Edit,NF
35,Time Alone With You (feat. Daniel Caesar),Jacob Collier
35,Time Alone With You (feat. Daniel Caesar),Jacob Collier
19,Time Warp,Little Nell
19,Time Warp,Little Nell
47,Tip of My Tongue,Kenny Chesney
47,Tip of My Tongue,Kenny Chesney
43,Tip Toe (feat. A Boogie Wit da Hoodie),Roddy Ricch
43,Tip Toe (feat. A Boogie Wit da Hoodie),Roddy Ricch
19,Tokyo Drifting (with Denzel Curry),Glass Animals
19,Tokyo Drifting (with Denzel Curry),Glass Animals
2,Trampoline,SHAED
2,Trampoline,SHAED
5,Trampoline (with ZAYN),SHAED
5,Trampoline (with ZAYN),SHAED
11,Treat Her Right,Roy Head & The Traits
11,Treat Her Right,Roy Head & The Traits
46,True Kinda Love (feat. Estelle & Zach Callison),Steven Universe
46,True Kinda Love (feat. Estelle & Zach Callison),Steven Universe
20,True Love Will Find You In The End,Daniel Johnston
20,True Love Will Find You In The End,Daniel Johnston
26,Trust Issues,Drake
26,Trust Issues,Drake
11,Truth Hurts,Lizzo
11,Truth Hurts,Lizzo
47,Try Saying Goodbye,John King
47,Try Saying Goodbye,John King
18,Tunnel of Love,ilyTOMMY
18,Tunnel of Love,ilyTOMMY
44,Turn Me On (feat. Vula),Riton
44,Turn Me On (feat. Vula),Riton
18,Tusa,KAROL G
18,Tusa,KAROL G
25,Tutu,Camilo
25,Tutu,Camilo
44,Twerk (feat. Cardi B),City Girls
44,Twerk (feat. Cardi B),City Girls
41,Twilight vs Breathe (feat. HALIENE & Matthew Steeper),Adam K
41,Twilight vs Breathe (feat. HALIENE & Matthew Steeper),Adam K
29,TWIT,Hwa Sa
29,TWIT,Hwa Sa
11,U Was At The Club (Bottoms Up),The Boyboy West Coast
11,U Was At The Club (Bottoms Up),The Boyboy West Coast
46,Un Año,Sebastian Yatra
46,Un Año,Sebastian Yatra
16,Undecided,Chris Brown
16,Undecided,Chris Brown
37,Under The Sun (with J. Cole & Lute feat. DaBaby),Dreamville
37,Under The Sun (with J. Cole & Lute feat. DaBaby),Dreamville
2,Undrunk,FLETCHER
2,Undrunk,FLETCHER
5,Uno,Ambjaay
5,Uno,Ambjaay
15,Uno - Original Version,Ambjaay
15,Uno - Original Version,Ambjaay
41,Unthinkable,Smiley
41,Unthinkable,Smiley
18,Untitled,Kate Bollinger
18,Untitled,Kate Bollinger
33,UP THE SMOKE (with Offset),Stunna 4 Vegas
33,UP THE SMOKE (with Offset),Stunna 4 Vegas
11,VALENTINO,24kGoldn
11,VALENTINO,24kGoldn
22,Venice Bitch,Lana Del Rey
22,Venice Bitch,Lana Del Rey
9,Verte Ir,DJ Luian
9,Verte Ir,DJ Luian
31,Vete,Bad Bunny
31,Vete,Bad Bunny
2,Viagra,ITSOKTOCRY
2,Viagra,ITSOKTOCRY
24,VIBEZ,DaBaby
24,VIBEZ,DaBaby
33,Victory Lap (feat. Stacy Barthe),Nipsey Hussle
33,Victory Lap (feat. Stacy Barthe),Nipsey Hussle
15,Vossi Bop,Stormzy
15,Vossi Bop,Stormzy
32,W (feat. Gunna),Koffee
32,W (feat. Gunna),Koffee
43,W2Leezy,Justin Rarri
43,W2Leezy,Justin Rarri
27,Wait a Minute!,WILLOW
27,Wait a Minute!,WILLOW
45,Walk (Remix),Comethazine
45,Walk (Remix),Comethazine
30,Walk Man,Tiny Meat Gang
30,Walk Man,Tiny Meat Gang
36,Walk Me Home,P!nk
36,Walk Me Home,P!nk
46,Walker Texas Ranger,DaBaby
46,Walker Texas Ranger,DaBaby
32,WAM,A$AP Ferg
32,WAM,A$AP Ferg
38,Wannabe,why mona
38,Wannabe,why mona
40,Want Beef?,YSN Flow
40,Want Beef?,YSN Flow
15,Was It Something I Said,MyKey
15,Was It Something I Said,MyKey
17,Watermelon Sugar,Harry Styles
17,Watermelon Sugar,Harry Styles
15,Way Back Home (feat. Conor Maynard) - Sam Feldt Edit,SHAUN
15,Way Back Home (feat. Conor Maynard) - Sam Feldt Edit,SHAUN
5,Way Maker - Live,Leeland
5,Way Maker - Live,Leeland
29,We Are Not the Same,Young Roc
29,We Are Not the Same,Young Roc
47,Weather,Freddie Dredd
47,Weather,Freddie Dredd
14,Welcome To The Party,Pop Smoke
14,Welcome To The Party,Pop Smoke
50,What a Life,MFnMelo
50,What a Life,MFnMelo
43,What A Time (feat. Niall Horan),Julia Michaels
43,What A Time (feat. Niall Horan),Julia Michaels
35,What Am I,Why Don't We
35,What Am I,Why Don't We
37,What If I Never Get Over You,Lady A
37,What If I Never Get Over You,Lady A
49,What You Did (feat. Ella Mai),Mahalia
49,What You Did (feat. Ella Mai),Mahalia
20,What You See Is What You Get,Luke Combs
20,What You See Is What You Get,Luke Combs
35,What's Up Danger (with Black Caviar),Blackway
35,What's Up Danger (with Black Caviar),Blackway
44,when the party's over,Billie Eilish
44,when the party's over,Billie Eilish
43,When You Look Me In The Eyes,Jonas Brothers
43,When You Look Me In The Eyes,Jonas Brothers
28,Who Do You Love,The Chainsmokers
28,Who Do You Love,The Chainsmokers
17,whoa (mind in awe),XXXTENTACION
17,whoa (mind in awe),XXXTENTACION
17,Whole Heart (Hold Me Now) - Live,Hillsong UNITED
17,Whole Heart (Hold Me Now) - Live,Hillsong UNITED
10,Wii Tennis,420 Unlovable
10,Wii Tennis,420 Unlovable
12,wish you were gay,Billie Eilish
12,wish you were gay,Billie Eilish
36,Without Me,Halsey
36,Without Me,Halsey
15,Woah,KRYPTO9095
15,Woah,KRYPTO9095
49,Woah (feat. D3Mstreet),KRYPTO9095
49,Woah (feat. D3Mstreet),KRYPTO9095
14,Woke Up Late (feat. Hailee Steinfeld),Drax Project
14,Woke Up Late (feat. Hailee Steinfeld),Drax Project
21,Won't Be Late (feat. Drake),Swae Lee
21,Won't Be Late (feat. Drake),Swae Lee
49,Won't Let Go,Travis Greene
49,Won't Let Go,Travis Greene
4,"Wondering - From ""High School Musical: The Musical: The Series""",Olivia Rodrigo
4,"Wondering - From ""High School Musical: The Musical: The Series""",Olivia Rodrigo
43,Worth It,YK Osiris
43,Worth It,YK Osiris
38,Wow.,Post Malone
38,Wow.,Post Malone
45,Writing on the Wall (feat. Post Malone & Cardi B),French Montana
45,Writing on the Wall (feat. Post Malone & Cardi B),French Montana
5,Wrong,Luh Kel
5,Wrong,Luh Kel
41,xanny,Billie Eilish
41,xanny,Billie Eilish
22,Year 3000,Jonas Brothers
22,Year 3000,Jonas Brothers
3,Yellow Hearts,Ant Saunders
3,Yellow Hearts,Ant Saunders
27,"Yo Love - From ""Queen & Slim: The Soundtrack""",Vince Staples
27,"Yo Love - From ""Queen & Slim: The Soundtrack""",Vince Staples
29,"Yo x Ti, Tu x Mi",ROSALÍA
29,"Yo x Ti, Tu x Mi",ROSALÍA
36,You,Jacquees
36,You,Jacquees
46,You & Me,James TW
46,You & Me,James TW
8,You Already Know,Shotgun Willy
8,You Already Know,Shotgun Willy
50,You Need To Calm Down,Taylor Swift
50,You Need To Calm Down,Taylor Swift
46,you were good to me,Jeremy Zucker
46,you were good to me,Jeremy Zucker
50,You're Somebody Else,flora cash
50,You're Somebody Else,flora cash
36,Your Peace Will Make Us One,Audrey Assad
36,Your Peace Will Make Us One,Audrey Assad
4,Yup on My Tractor,Fly Rich Double
4,Yup on My Tractor,Fly Rich Double
50,YUSO (feat. Lil Wayne & Saweetie),Kid Ink
50,YUSO (feat. Lil Wayne & Saweetie),Kid Ink
46,ZEZE (feat. Travis Scott & Offset),Kodak Black
46,ZEZE (feat. Travis Scott & Offset),Kodak Black